,rsID,chr,pos,a1,a2,betaLDL,pLDL,betaHDL,pHDL,betaTri,pTri,betaCAD,pCAD
0,rs10903129,1,25641524,A,G,-0.033,4e-19,-0.0009,0.79,-0.008,0.017,-0.012,0.38
1,rs4660293,1,39800767,A,G,-0.011,0.014,0.035,7e-19,-0.02,1e-07,-0.011,0.48
2,rs1998013,1,55730618,T,C,-0.38,4e-67,0.035,0.077,0.0089,0.66,-0.15,0.12
3,rs10493326,1,62725961,A,G,0.021,6e-07,-0.0013,0.74,0.031,1e-15,-0.0087,0.65
4,rs4587594,1,62906518,A,G,-0.049,3e-37,-0.015,5e-05,-0.069,3e-87,0.017,0.26
5,rs6603981,1,92766395,T,C,0.034,2e-14,0.0039,0.35,0.0072,0.076,0.012,0.48
6,rs12133576,1,93588988,A,G,0.01,0.006,0.024,6e-12,-0.009,0.0088,0.0058,0.69
7,rs646776,1,109620053,T,C,0.16,9.999999999999999e-293,-0.034,9e-17,0.0034,0.39,0.094,5e-08
8,rs1010167,1,110000250,C,G,-0.025,3e-10,0.0044,0.23,-0.0016,0.66,-0.028,0.14
9,rs267733,1,149225460,A,G,0.033,5e-10,-0.016,0.0012,0.0025,0.61,0.0027,0.9
10,rs12145743,1,154967275,T,G,0.0042,0.29,-0.02,2e-08,0.012,0.0006,-0.0092,0.55
11,rs4650994,1,176781935,A,G,0.0027,0.45,-0.021,6e-10,0.0024,0.47,0.0082,0.55
12,rs1689797,1,180417601,A,C,0.014,0.00022,-0.036,2.0000000000000002e-23,0.011,0.0025,0.0098,0.51
13,rs2642438,1,219036651,A,G,-0.035,4e-17,-0.03,5e-15,0.017,5e-06,-0.02,0.22
14,rs903319,1,219052434,T,C,-0.027,8e-11,-0.01,0.0067,0.0054,0.15,0.031,0.047
15,rs4846914,1,228362314,A,G,-0.0043,0.25,0.048,5.999999999999999e-44,-0.04,7e-33,-0.029,0.041
16,rs6680658,1,228485967,A,G,-0.0055,0.22,0.023,2e-08,-0.017,4e-05,-0.0096,0.58
17,rs2587534,1,232915962,A,G,0.039,3e-26,0.0093,0.0065,0.0041,0.22,-0.00064,0.96
18,rs1367117,2,21117405,A,G,0.12,2e-196,-0.022,2e-09,0.025,3e-12,0.035,0.023
19,rs515135,2,21139562,T,C,-0.14,1e-188,0.011,0.014,-0.019,1e-05,-0.064,0.0009
20,rs1260326,2,27584444,T,C,0.021,3e-08,-0.011,0.001,0.11,2.0000000000000002e-254,0.024,0.1
21,rs3817588,2,27584716,T,C,0.026,3e-08,-0.0049,0.26,0.067,7e-58,0.034,0.077
22,rs6544713,2,43927385,T,C,0.081,6e-85,-0.003,0.43,0.013,0.0007,0.061,0.0002
23,rs4148218,2,43953086,A,G,-0.044,3e-21,0.0029,0.51,-0.0037,0.38,-0.026,0.23
24,rs2710642,2,63003061,A,G,0.024,3e-10,-0.0096,0.0068,0.0065,0.06,0.017,0.26
25,rs17508045,2,118293189,T,C,0.049,9e-14,-0.0085,0.16,-0.0083,0.16,0.032,0.21
26,rs2030746,2,121025958,T,C,0.021,2e-08,-0.0025,0.49,0.0031,0.38,0.028,0.087
27,rs16831243,2,135478814,T,C,0.038,8e-12,0.011,0.027,-0.0006,0.91,-0.012,0.58
28,rs7607980,2,165259447,T,C,0.0065,0.24,-0.045,1e-17,0.036,7e-13,0.012,0.57
29,rs355838,2,165327409,T,G,0.018,2e-06,-0.019,4e-08,0.014,8e-05,0.019,0.2
30,rs2287623,2,169538401,A,G,-0.022,7e-09,-0.011,0.0012,0.0006,0.87,0.0073,0.6
31,rs7422339,2,211248752,A,C,0.0079,0.06,-0.027,5e-12,0.0,1.0,-0.047,0.013
32,rs1250229,2,216012629,T,C,-0.024,8e-09,0.0034,0.39,-0.0089,0.019,0.034,0.067
33,rs1515110,2,226830460,T,G,0.0063,0.089,-0.032,2e-20,0.027,5e-15,0.048,0.0008
34,rs11563251,2,234344123,T,C,0.035,2e-08,0.0058,0.31,0.0083,0.14,0.0016,0.95
35,rs9875338,3,12271469,A,G,-0.027,3e-13,-0.0073,0.034,-0.014,2e-05,-0.018,0.21
36,rs7640978,3,32508014,T,C,-0.039,1e-08,0.0003,0.96,-0.018,0.0044,-0.093,0.0004
37,rs2290547,3,47036187,A,G,0.0006,0.9,-0.03,8e-11,0.0096,0.03,-0.039,0.15
38,rs2240327,3,50088038,A,G,-0.0005,0.88,-0.024,9e-13,0.0017,0.61,0.055,7e-05
39,rs13326165,3,52507158,A,G,-0.0042,0.36,0.029,2e-11,-0.021,9e-07,-0.021,0.24
40,rs6805251,3,121043296,T,C,0.012,0.0013,0.02,8e-09,-0.0011,0.75,0.0069,0.62
41,rs17345563,3,133691893,A,G,0.036,3e-10,-0.014,0.007,0.015,0.0038,0.066,0.0026
42,rs687339,3,137415049,T,C,0.011,0.014,-0.032,3e-14,0.029,6e-13,0.024,0.16
43,rs1482852,3,158280988,A,G,0.0029,0.45,-0.021,3e-09,0.013,0.0002,0.027,0.11
44,rs10513688,3,172209912,A,G,0.022,0.0003,-0.0049,0.38,0.031,4e-08,0.048,0.046
45,rs6831256,4,3442937,A,G,-0.019,1e-06,0.013,0.0003,-0.026,9e-14,-0.026,0.2
46,rs10019888,4,25672088,A,G,-0.018,0.0003,0.027,6e-09,-0.023,5e-07,-0.0097,0.61
47,rs442177,4,88249285,T,G,0.016,2e-05,-0.022,3e-10,0.031,3e-20,0.028,0.046
48,rs10029254,4,88379164,T,C,0.0058,0.18,-0.0085,0.037,0.027,1e-11,-0.0082,0.63
49,rs3822072,4,89960292,A,G,0.0074,0.046,-0.025,3e-13,0.018,6e-08,0.015,0.3
50,rs2602836,4,100233828,A,G,-0.0007,0.84,0.019,2e-08,-0.009,0.007,0.028,0.049
51,rs13107325,4,103407732,T,C,-0.016,0.061,-0.071,8e-20,0.031,6e-05,0.0049,0.91
52,rs6450176,5,53333782,A,G,0.01,0.013,-0.025,1e-10,0.019,6e-07,0.024,0.14
53,rs9686661,5,55897543,T,C,0.018,0.0002,-0.028,2e-10,0.038,3e-18,0.054,0.0032
54,rs4976033,5,67750002,A,G,0.001,0.79,0.022,9e-09,-0.014,0.0001,-0.067,0.0055
55,rs7703051,5,74661243,A,C,0.073,5e-85,0.002,0.56,0.0057,0.093,0.033,0.02
56,rs4530754,5,122883315,A,G,0.028,4e-14,0.0008,0.81,0.0015,0.64,-0.0075,0.59
57,rs6882076,5,156322875,T,C,-0.046,5e-33,-0.0015,0.67,-0.029,1e-16,-0.021,0.15
58,rs2294261,6,16217142,A,C,0.033,5e-19,-0.0085,0.015,0.0021,0.54,-0.0038,0.81
59,rs1800562,6,26201120,A,G,-0.062,2e-14,-0.0074,0.32,0.013,0.072,-0.026,0.38
60,rs2247056,6,31373469,T,C,-0.025,6e-09,-0.012,0.0023,-0.038,2e-22,-0.03,0.058
61,rs205262,6,34671142,A,G,0.0088,0.034,0.028,2e-13,-0.0028,0.45,-0.061,0.0001
62,rs998584,6,43865874,A,C,0.0005,0.9,-0.026,4e-12,0.029,2e-15,0.048,0.009
63,rs17789218,6,100706818,T,C,0.024,3e-08,-0.0041,0.31,0.0061,0.12,-0.01,0.54
64,rs868943,6,116444196,A,G,-0.026,1e-12,-0.0075,0.029,-0.014,5e-05,-0.019,0.17
65,rs9491696,6,127494332,C,G,-0.0057,0.12,0.02,3e-09,-0.018,9e-08,-0.0098,0.48
66,rs634869,6,139873450,T,C,0.013,0.0006,-0.023,8e-12,0.027,4e-16,0.038,0.0072
67,rs12525163,6,152081984,T,C,0.0043,0.29,-0.022,9e-09,0.0086,0.018,-0.043,0.0054
68,rs2297374,6,160495975,T,C,-0.033,6e-18,0.0056,0.11,-0.0091,0.0077,-0.029,0.058
69,rs1564348,6,160498850,T,C,-0.048,3e-22,0.0077,0.098,-0.016,0.0003,-0.061,0.0013
70,rs702485,7,6415797,A,G,-0.001,0.79,-0.024,1e-12,0.0016,0.64,0.0063,0.66
71,rs17286602,7,16118699,A,T,-0.0032,0.38,0.021,8e-10,-0.006,0.07,-0.007,0.62
72,rs10282707,7,17877563,T,C,-0.0084,0.025,-0.025,8e-13,0.0092,0.0072,-0.0016,0.91
73,rs12670798,7,21573877,T,C,-0.034,7e-16,0.0014,0.73,-0.01,0.0089,0.0074,0.66
74,rs4722551,7,25958351,T,C,-0.039,7e-16,-0.01,0.027,0.027,2e-09,-0.033,0.23
75,rs2073547,7,44548856,A,G,-0.049,5e-23,0.0049,0.28,-0.015,0.0009,-0.021,0.43
76,rs217386,7,44567220,A,G,-0.036,8e-22,0.0013,0.71,-0.01,0.0031,-0.025,0.087
77,rs4917014,7,50276409,T,G,-0.0047,0.23,-0.022,8e-10,0.0012,0.74,0.026,0.078
78,rs17145738,7,72620810,T,C,0.0039,0.5,0.041,1e-14,-0.11,2e-103,0.042,0.057
79,rs799160,7,72697942,T,C,0.0045,0.25,-0.013,0.0004,0.04,7.000000000000001e-29,-0.011,0.61
80,rs38855,7,116145280,A,G,0.001,0.78,-0.015,2e-05,0.019,2e-08,0.02,0.15
81,rs3996352,7,130095474,A,G,0.0053,0.14,-0.03,4e-18,0.018,7e-08,0.04,0.0039
82,rs17173637,7,150160382,T,C,-0.0069,0.26,0.036,2e-10,-0.021,0.0002,-0.0076,0.77
83,rs4240624,8,9221641,A,G,0.067,7e-27,0.082,3e-45,-0.028,1e-06,0.021,0.4
84,rs9693857,8,9304527,T,C,-0.0046,0.21,-0.0037,0.28,0.02,3e-09,-0.026,0.072
85,rs4332136,8,15844224,C,G,-0.043,0.66,0.48,1e-13,0.024,0.65,0.0032,0.97
86,rs4921914,8,18316718,T,C,-0.023,2e-07,-0.0019,0.65,-0.035,8e-19,-0.075,9e-06
87,rs12678919,8,19888502,A,G,0.008,0.19,-0.16,5.000000000000001e-165,0.17,2e-206,0.087,0.0003
88,rs894210,8,19910123,A,G,-0.0071,0.054,0.069,1e-90,-0.067,5e-90,-0.06,7e-05
89,rs10102164,8,55584167,A,G,0.032,3e-12,-0.0005,0.9,0.011,0.0054,0.012,0.47
90,rs2326077,8,59548473,T,C,-0.034,2e-19,-0.0043,0.22,-0.018,2e-07,0.0055,0.71
91,rs2293889,8,116668374,T,G,0.015,0.00011,-0.031,1e-18,0.0062,0.071,-0.012,0.4
92,rs2737252,8,116733072,A,G,-0.031,1e-14,-0.013,0.0009,-0.0092,0.013,0.0079,0.61
93,rs4871137,8,121937732,T,G,-0.0043,0.28,-0.021,1e-08,-0.0013,0.72,-0.026,0.083
94,rs2980885,8,126543488,A,G,-0.031,4e-12,0.035,4e-17,-0.058,5.0000000000000004e-45,-0.041,0.016
95,rs2954022,8,126551803,A,C,-0.055,4e-51,0.04,1.9999999999999998e-32,-0.078,2.0000000000000003e-124,-0.056,6e-05
96,rs4075205,8,144356084,T,C,-0.012,0.0016,0.022,2e-10,-0.009,0.0083,-0.00094,0.96
97,rs7832643,8,145094645,T,G,0.034,7e-19,-0.001,0.77,0.0017,0.62,-0.011,0.44
98,rs3780181,9,2630759,A,G,0.045,1e-09,0.0038,0.58,-0.0069,0.3,0.035,0.18
99,rs686030,9,15294782,A,C,0.0085,0.11,0.055,3e-29,0.025,2e-07,0.027,0.19
100,rs7033354,9,16894846,T,C,-0.019,5e-07,0.015,1e-05,-0.019,3e-08,-0.034,0.021
101,rs1883025,9,106704122,T,C,-0.03,1e-11,-0.07,6e-66,-0.022,3e-08,-0.014,0.41
102,rs2472509,9,106724051,T,G,-0.0004,0.91,-0.023,7e-10,0.0024,0.51,0.025,0.25
103,rs8176720,9,135122694,T,C,0.033,6e-18,0.0005,0.88,-0.0073,0.037,0.027,0.06
104,rs579459,9,135143989,T,C,-0.067,3e-49,-0.015,0.00052,0.014,0.0009,-0.098,1e-07
105,rs1781930,10,5186273,A,G,-0.01,0.035,-0.0018,0.69,-0.031,5e-13,0.019,0.3
106,rs970548,10,45333283,A,C,-0.016,0.0002,-0.026,2e-11,-0.0025,0.51,0.022,0.19
107,rs7897379,10,64971731,T,C,-0.01,0.005,-0.019,1e-08,0.027,2e-16,-0.016,0.26
108,rs2068888,10,94829632,A,G,-0.017,1e-05,0.019,5e-08,-0.024,2e-12,-0.033,0.099
109,rs2255141,10,113923876,A,G,0.03,7e-14,0.034,1e-19,-0.021,1e-08,-0.0076,0.63
110,rs2923084,11,10345358,A,G,-0.012,0.013,0.026,2e-08,-0.012,0.0071,0.01,0.58
111,rs2303975,11,14233575,A,G,-0.0013,0.81,0.028,1e-08,-0.012,0.016,0.015,0.46
112,rs10832962,11,18612847,T,C,0.032,2e-15,0.0043,0.25,0.011,0.0028,0.044,0.0049
113,rs326214,11,47254936,A,G,0.0071,0.14,-0.061,2.9999999999999996e-42,0.024,2e-08,0.0055,0.73
114,rs17788930,11,47709351,A,G,0.0046,0.23,0.036,1.0000000000000001e-23,-0.011,0.0013,-0.008,0.58
115,rs11246602,11,51368666,T,C,-0.0019,0.73,-0.034,6e-11,0.0091,0.079,-0.0032,0.88
116,rs12226802,11,55080884,A,G,-0.0002,0.97,-0.033,2e-11,0.0067,0.18,-0.013,0.51
117,rs174532,11,61305450,A,G,0.035,5e-17,0.021,8e-08,-0.016,3e-05,0.0097,0.67
118,rs1535,11,61354548,A,G,0.053,3e-43,0.039,5e-28,-0.046,1e-40,0.0019,0.9
119,rs12801636,11,65147893,A,G,0.0078,0.079,0.024,2e-08,-0.018,1e-05,-0.038,0.038
120,rs499974,11,75132669,A,C,0.0012,0.79,-0.026,2e-09,-0.009,0.034,-0.017,0.35
121,rs10790162,11,116144314,A,G,0.076,3e-26,-0.095,3e-46,0.23,9.999999999999999e-277,0.13,2e-06
122,rs603446,11,116159645,T,C,-0.0092,0.013,0.0018,0.6,-0.05,1.9999999999999998e-50,-0.0089,0.52
123,rs7117842,11,122039714,T,C,-0.019,3e-07,-0.027,6e-15,0.002,0.56,-0.017,0.24
124,rs11220462,11,125749162,A,G,0.059,3e-23,-0.016,0.004,0.019,0.0004,0.053,0.015
125,rs11045163,12,20354793,A,G,0.0055,0.14,-0.022,3e-10,0.0097,0.004,0.0056,0.7
126,rs3741414,12,56130316,T,C,-0.016,0.0003,0.03,2e-13,-0.028,8e-13,-0.0019,0.92
127,rs10861661,12,105698776,A,C,-0.0004,0.93,0.022,2e-07,-0.023,3e-08,0.0052,0.78
128,rs2241210,12,108434527,A,G,-0.0078,0.035,-0.033,3e-21,-0.0029,0.38,0.0058,0.68
129,rs653178,12,110492139,T,C,0.023,2e-09,0.026,1e-13,-0.0099,0.004,-0.077,2e-06
130,rs6489818,12,110794963,A,G,0.028,6e-09,-0.0004,0.93,-0.0036,0.41,-0.055,0.0017
131,rs1186380,12,119860799,T,C,-0.024,1e-08,-0.0002,0.96,0.0026,0.5,0.0035,0.84
132,rs1169288,12,119901033,A,C,-0.038,9e-21,-0.0096,0.01,-0.0025,0.49,-0.07,3e-06
133,rs838876,12,123825841,A,G,-0.003,0.47,0.049,5e-36,-0.0052,0.16,0.0036,0.84
134,rs10773105,12,123849719,T,C,0.0058,0.12,-0.036,9.999999999999999e-26,0.0037,0.28,-0.012,0.42
135,rs4942486,13,31851388,T,C,0.024,3e-11,-0.014,6e-05,0.0071,0.031,0.0,1.0
136,rs1341267,13,94082981,A,C,0.0016,0.67,0.0023,0.5,-0.018,4e-08,-0.02,0.15
137,rs8017377,14,23953727,A,G,0.03,3e-15,-0.0037,0.3,0.0056,0.11,-0.018,0.36
138,rs4983559,14,104348254,A,G,-0.0026,0.5,-0.02,4e-08,0.0001,0.98,-0.023,0.24
139,rs2412710,15,40471079,A,G,-0.0024,0.87,-0.084,1e-09,0.099,8e-14,0.14,0.0052
140,rs492571,15,41998565,T,C,0.0033,0.73,0.066,2e-13,-0.08,2e-19,-0.081,0.019
141,rs1532085,15,56470658,A,G,0.0026,0.48,0.11,1.9999999999999998e-209,0.031,5e-20,0.0067,0.65
142,rs261342,15,56518445,C,G,0.0026,0.69,-0.11,5.9999999999999995e-71,-0.045,4e-14,-0.014,0.42
143,rs2652834,15,61183920,A,G,0.0019,0.68,-0.029,4e-11,0.025,4e-09,0.013,0.48
144,rs1035744,15,70353669,T,C,0.0069,0.095,-0.0055,0.15,0.021,4e-08,0.019,0.23
145,rs3198697,16,15037441,T,C,0.0096,0.01,0.016,3e-06,-0.02,4e-09,-0.017,0.23
146,rs749671,16,30995848,A,G,-0.015,4e-05,0.0071,0.041,-0.021,4e-10,-0.0054,0.7
147,rs9930333,16,52357478,T,G,0.0002,0.96,0.02,1e-07,-0.021,1e-08,-0.04,0.005
148,rs9989419,16,55542640,A,G,0.028,8e-13,-0.15,0.0,0.024,3e-12,0.01,0.61
149,rs5880,16,55572592,C,G,0.047,9e-07,-0.31,4e-257,0.048,3e-08,0.023,0.62
150,rs16942887,16,66485543,A,G,0.0011,0.84,0.083,1.0000000000000001e-60,-0.012,0.02,-0.027,0.21
151,rs2288002,16,70614783,A,G,-0.029,5e-14,-0.0069,0.05,-0.0089,0.009,-0.022,0.11
152,rs2000999,16,70665594,A,G,0.065,1.0000000000000001e-45,0.0023,0.59,0.019,9e-06,0.04,0.03
153,rs2925979,16,80092291,T,C,-0.0031,0.44,-0.035,4e-21,0.021,2e-08,0.026,0.11
154,rs314253,17,7032374,T,C,0.024,2e-10,-0.003,0.4,0.0086,0.012,0.01,0.49
155,rs4791641,17,8101874,T,C,-0.02,4e-08,-0.0041,0.23,0.0028,0.4,-0.02,0.15
156,rs931992,17,35074961,T,G,0.0055,0.15,0.034,3e-21,-0.0083,0.018,-0.0045,0.76
157,rs8077889,17,39233692,A,C,-0.0005,0.91,0.021,2e-06,-0.025,2e-09,0.03,0.1
158,rs7225700,17,42746803,T,C,-0.03,8e-15,-0.0098,0.006,0.0046,0.19,-0.015,0.33
159,rs4148005,17,64394061,T,G,-0.015,1e-05,0.028,6e-15,-0.0066,0.063,-0.042,0.0052
160,rs4969178,17,73899797,A,G,-0.011,0.0033,-0.026,4e-14,0.018,3e-07,-0.0068,0.63
161,rs4939883,18,45421212,T,C,-0.021,1e-05,-0.08,1e-71,-0.0052,0.23,-0.0057,0.75
162,rs11660468,18,45463141,T,C,0.011,0.0028,0.039,9e-30,-0.0008,0.82,0.025,0.08
163,rs952044,18,55949090,T,C,-0.0033,0.41,-0.023,3e-10,0.01,0.0043,0.03,0.042
164,rs2278236,19,8337581,A,G,0.0067,0.074,0.033,7e-21,-0.014,4e-05,-0.025,0.14
165,rs6511720,19,11063306,T,G,-0.22,3e-289,0.025,1e-05,-0.0084,0.13,-0.13,0.0002
166,rs688,19,11088602,T,C,0.054,9e-48,-0.011,0.002,0.0041,0.22,0.056,7e-05
167,rs10401969,19,19268718,T,C,0.12,2.0000000000000002e-60,-0.013,0.057,0.12,2.9999999999999996e-76,0.11,0.0002
168,rs731839,19,38590905,A,G,0.0018,0.66,0.022,2e-09,-0.022,5e-10,-0.021,0.2
169,rs1688030,19,40248584,T,C,-0.016,0.031,-0.0085,0.22,-0.038,3e-08,0.0051,0.85
170,rs6859,19,50073874,A,G,0.084,1e-101,-0.018,1e-06,0.014,6e-05,0.019,0.35
171,rs7254892,19,50081436,A,G,-0.49,0.0,0.053,3e-06,0.12,4e-31,-0.14,0.09
172,rs492602,19,53898229,A,G,-0.029,3e-14,0.0032,0.38,-0.014,7e-05,-0.001,0.95
173,rs17695224,19,57016028,A,G,-0.011,0.011,-0.029,2e-13,0.012,0.0021,0.015,0.36
174,rs103294,19,59489660,T,C,0.0073,0.12,0.052,4e-33,-0.0021,0.61,-0.013,0.51
175,rs364585,20,12910718,A,G,-0.025,4e-11,-0.0005,0.88,0.0018,0.6,-0.0072,0.61
176,rs2328223,20,17793921,A,C,-0.03,2e-09,0.0004,0.93,0.0066,0.14,0.0053,0.85
177,rs7264396,20,33618155,T,C,-0.025,3e-08,-0.0054,0.19,-0.011,0.008,0.026,0.32
178,rs6016381,20,38613850,T,C,0.036,6e-22,-0.0084,0.016,0.014,3e-05,0.016,0.27
179,rs6065311,20,39157752,T,C,-0.042,3e-30,-0.0024,0.48,-0.0061,0.067,-0.019,0.17
180,rs1800961,20,42475778,T,C,-0.069,1e-10,-0.13,7e-38,-0.0017,0.86,0.03,0.49
181,rs4465830,20,44018827,A,G,-0.009,0.056,0.06,3.9999999999999995e-42,-0.053,5e-36,0.039,0.027
182,rs181362,22,20262068,T,C,-0.0076,0.091,-0.038,7e-20,-0.0095,0.02,0.0015,0.93
183,rs5763662,22,28708703,T,C,0.077,2e-10,0.033,0.0031,-0.0001,0.99,-0.0097,0.85
184,rs3761445,22,36925357,A,G,0.0081,0.029,-0.016,5e-06,0.023,7e-12,-0.027,0.061
